{
    "defaults": {
        "matcolor": [
            0.7,
            0.7,
            1
        ],
        "angle": [
            45,
            -22.5
        ],
        "zoom": -2,
        "clear": [
            0,
            0,
            0,
            0.8
        ]
    },
    "stl": {
        "calculatenormals": 1,
        "angle": [
            49.01070457,
            -18.48929543
        ],
        "cavityscale": 0.125,
        "lightangle": [
            -22.86478898,
            -13.95718174
        ],
        "matcolor": [
            0.466,
            0.3955359593,
            0.310792862
        ],
        "matgloss": 0.7,
        "matspec": 0.046,
        "position": [
            0,
            0
        ],
        "zoom": -1.38
    }
}
